ticket_id,label_role,first_pass_intent,final_intent,intent_rework,first_pass_sentiment,final_sentiment,sentiment_rework,qa_stage
GF-0001,production,other_contact,other_contact,False,neutral,neutral,False,tier2_senior_review
GF-0002,production,billing_payments,billing_payments,False,negative,negative,False,tier2_senior_review
GF-0003,overlap,billing_payments,billing_payments,False,negative,negative,False,tier2_senior_review
GF-0004,overlap,cancellation,cancellation,False,negative,negative,False,tier2_senior_review
GF-0005,production,other_contact,other_contact,False,negative,negative,False,tier2_senior_review
GF-0006,overlap,refund_request,refund_request,False,negative,negative,False,tier2_senior_review
GF-0007,overlap,account_access,account_access,False,neutral,neutral,False,tier2_senior_review
GF-0008,production,feedback_complaints,feedback_complaints,False,neutral,neutral,False,tier2_senior_review
GF-0009,production,refund_request,refund_request,False,negative,negative,False,tier2_senior_review
GF-0010,production,other_contact,other_contact,False,neutral,neutral,False,tier2_senior_review
GF-0011,production,refund_request,refund_request,False,neutral,neutral,False,tier2_senior_review
GF-0012,overlap,refund_request,refund_request,False,negative,negative,False,tier2_senior_review
GF-0013,production,other_contact,other_contact,False,neutral,neutral,False,tier2_senior_review
GF-0014,production,shipping_delivery,shipping_delivery,False,neutral,neutral,False,tier2_senior_review
GF-0015,production,other_contact,other_contact,False,neutral,neutral,False,tier2_senior_review
GF-0016,production,shipping_delivery,shipping_delivery,False,neutral,neutral,False,tier2_senior_review
GF-0017,production,other_contact,other_contact,False,negative,negative,False,tier2_senior_review
GF-0018,production,other_contact,other_contact,False,positive,positive,False,tier2_senior_review
GF-0019,production,other_contact,other_contact,False,negative,negative,False,tier2_senior_review
GF-0020,production,account_access,account_access,False,neutral,neutral,False,tier2_senior_review
GF-0021,production,other_contact,other_contact,False,neutral,neutral,False,tier2_senior_review
GF-0022,overlap,account_access,account_access,False,negative,negative,False,tier2_senior_review
GF-0023,production,feedback_complaints,feedback_complaints,False,neutral,neutral,False,tier2_senior_review
GF-0024,overlap,refund_request,refund_request,False,neutral,neutral,False,tier2_senior_review
GF-0025,production,cancellation,cancellation,False,neutral,neutral,False,tier2_senior_review
GF-0026,overlap,refund_request,refund_request,False,neutral,neutral,False,tier2_senior_review
GF-0027,production,other_contact,other_contact,False,neutral,neutral,False,tier2_senior_review
GF-0028,overlap,feedback_complaints,feedback_complaints,False,negative,negative,False,tier2_senior_review
GF-0029,production,account_access,other_contact,True,neutral,neutral,False,tier2_senior_review
GF-0030,overlap,cancellation,cancellation,False,neutral,neutral,False,tier2_senior_review
GF-0031,overlap,refund_request,refund_request,False,neutral,neutral,False,tier2_senior_review
GF-0032,production,cancellation,cancellation,False,neutral,neutral,False,tier2_senior_review
GF-0033,overlap,refund_request,refund_request,False,positive,positive,False,tier2_senior_review
GF-0034,production,account_access,account_access,False,negative,negative,False,tier2_senior_review
GF-0035,production,billing_payments,billing_payments,False,neutral,neutral,False,tier2_senior_review
GF-0036,overlap,shipping_delivery,shipping_delivery,False,negative,negative,False,tier2_senior_review
GF-0037,production,other_contact,other_contact,False,neutral,neutral,False,tier2_senior_review
GF-0038,production,other_contact,other_contact,False,negative,negative,False,tier2_senior_review
GF-0039,production,feedback_complaints,feedback_complaints,False,positive,positive,False,tier2_senior_review
GF-0040,production,billing_payments,billing_payments,False,negative,negative,False,tier2_senior_review
GF-0041,overlap,other_contact,other_contact,False,negative,negative,False,tier2_senior_review
GF-0042,overlap,other_contact,other_contact,False,neutral,neutral,False,tier2_senior_review
GF-0043,production,account_access,account_access,False,negative,negative,False,tier2_senior_review
GF-0044,production,account_access,account_access,False,negative,negative,False,tier2_senior_review
GF-0045,overlap,account_access,account_access,False,negative,negative,False,tier2_senior_review
GF-0046,production,billing_payments,billing_payments,False,negative,negative,False,tier2_senior_review
GF-0047,production,other_contact,account_access,True,neutral,neutral,False,tier2_senior_review
GF-0048,production,refund_request,refund_request,False,neutral,neutral,False,tier2_senior_review
GF-0049,production,refund_request,refund_request,False,neutral,neutral,False,tier2_senior_review
GF-0050,production,refund_request,refund_request,False,neutral,neutral,False,tier2_senior_review
GF-0051,production,billing_payments,billing_payments,False,neutral,neutral,False,tier2_senior_review
GF-0052,production,other_contact,other_contact,False,negative,negative,False,tier2_senior_review
GF-0053,production,shipping_delivery,shipping_delivery,False,positive,positive,False,tier2_senior_review
GF-0054,overlap,shipping_delivery,shipping_delivery,False,negative,negative,False,tier2_senior_review
GF-0055,overlap,refund_request,refund_request,False,neutral,neutral,False,tier2_senior_review
GF-0056,production,other_contact,other_contact,False,neutral,neutral,False,tier2_senior_review
GF-0057,production,other_contact,other_contact,False,neutral,neutral,False,tier2_senior_review
GF-0058,overlap,refund_request,refund_request,False,negative,negative,False,tier2_senior_review
GF-0059,production,shipping_delivery,shipping_delivery,False,neutral,neutral,False,tier2_senior_review
GF-0060,production,feedback_complaints,feedback_complaints,False,neutral,neutral,False,tier2_senior_review
GF-0061,production,billing_payments,billing_payments,False,negative,negative,False,tier2_senior_review
GF-0062,production,order_changes,order_changes,False,neutral,neutral,False,tier2_senior_review
GF-0063,production,refund_request,refund_request,False,neutral,neutral,False,tier2_senior_review
GF-0064,overlap,shipping_delivery,shipping_delivery,False,neutral,neutral,False,tier2_senior_review
GF-0065,production,billing_payments,billing_payments,False,negative,negative,False,tier2_senior_review
GF-0066,production,account_access,account_access,False,neutral,neutral,False,tier2_senior_review
GF-0067,overlap,feedback_complaints,feedback_complaints,False,neutral,neutral,False,tier2_senior_review
GF-0068,production,cancellation,cancellation,False,neutral,neutral,False,tier2_senior_review
GF-0069,production,refund_request,refund_request,False,neutral,neutral,False,tier2_senior_review
GF-0070,production,other_contact,other_contact,False,positive,positive,False,tier2_senior_review
GF-0071,overlap,refund_request,refund_request,False,positive,positive,False,tier2_senior_review
GF-0072,overlap,order_changes,order_changes,False,neutral,neutral,False,tier2_senior_review
GF-0073,production,shipping_delivery,shipping_delivery,False,neutral,neutral,False,tier2_senior_review
GF-0074,production,other_contact,other_contact,False,neutral,neutral,False,tier2_senior_review
GF-0075,production,feedback_complaints,feedback_complaints,False,positive,positive,False,tier2_senior_review
GF-0076,overlap,refund_request,refund_request,False,negative,negative,False,tier2_senior_review
GF-0077,production,cancellation,cancellation,False,neutral,neutral,False,tier2_senior_review
GF-0078,overlap,shipping_delivery,shipping_delivery,False,neutral,neutral,False,tier2_senior_review
GF-0079,production,billing_payments,billing_payments,False,negative,negative,False,tier2_senior_review
GF-0080,production,billing_payments,billing_payments,False,negative,negative,False,tier2_senior_review
GF-0081,overlap,other_contact,other_contact,False,negative,negative,False,tier2_senior_review
GF-0082,overlap,feedback_complaints,feedback_complaints,False,positive,positive,False,tier2_senior_review
GF-0083,production,billing_payments,billing_payments,False,neutral,neutral,False,tier2_senior_review
GF-0084,production,cancellation,account_access,True,negative,negative,False,tier2_senior_review
GF-0085,production,other_contact,other_contact,False,negative,negative,False,tier2_senior_review
GF-0086,production,other_contact,other_contact,False,neutral,neutral,False,tier2_senior_review
GF-0087,production,billing_payments,billing_payments,False,neutral,neutral,False,tier2_senior_review
GF-0088,overlap,other_contact,other_contact,False,negative,negative,False,tier2_senior_review
GF-0089,production,refund_request,refund_request,False,neutral,neutral,False,tier2_senior_review
GF-0090,production,billing_payments,billing_payments,False,neutral,negative,True,tier2_senior_review
GF-0091,production,refund_request,refund_request,False,positive,positive,False,tier2_senior_review
GF-0092,production,cancellation,cancellation,False,positive,positive,False,tier2_senior_review
GF-0093,production,account_access,account_access,False,positive,positive,False,tier2_senior_review
GF-0094,production,other_contact,other_contact,False,neutral,negative,True,tier2_senior_review
GF-0095,production,order_changes,order_changes,False,neutral,neutral,False,tier2_senior_review
GF-0096,production,other_contact,other_contact,False,negative,negative,False,tier2_senior_review
GF-0097,overlap,shipping_delivery,shipping_delivery,False,negative,negative,False,tier2_senior_review
GF-0098,overlap,feedback_complaints,feedback_complaints,False,neutral,neutral,False,tier2_senior_review
GF-0099,production,other_contact,other_contact,False,neutral,neutral,False,tier2_senior_review
GF-0100,production,billing_payments,billing_payments,False,positive,positive,False,tier2_senior_review
GF-0101,production,feedback_complaints,feedback_complaints,False,neutral,neutral,False,tier2_senior_review
GF-0102,production,refund_request,refund_request,False,neutral,neutral,False,tier2_senior_review
GF-0103,production,feedback_complaints,feedback_complaints,False,neutral,neutral,False,tier2_senior_review
GF-0104,production,other_contact,other_contact,False,neutral,neutral,False,tier2_senior_review
GF-0105,overlap,cancellation,cancellation,False,neutral,neutral,False,tier2_senior_review
GF-0106,overlap,cancellation,cancellation,False,negative,negative,False,tier2_senior_review
GF-0107,production,shipping_delivery,shipping_delivery,False,negative,negative,False,tier2_senior_review
GF-0108,production,other_contact,other_contact,False,neutral,neutral,False,tier2_senior_review
GF-0109,production,other_contact,other_contact,False,negative,negative,False,tier2_senior_review
GF-0110,production,refund_request,refund_request,False,neutral,neutral,False,tier2_senior_review
GF-0111,production,account_access,account_access,False,neutral,neutral,False,tier2_senior_review
GF-0112,overlap,other_contact,other_contact,False,neutral,neutral,False,tier2_senior_review
GF-0113,production,billing_payments,billing_payments,False,negative,negative,False,tier2_senior_review
GF-0114,production,refund_request,refund_request,False,neutral,neutral,False,tier2_senior_review
GF-0115,overlap,account_access,account_access,False,neutral,neutral,False,tier2_senior_review
GF-0116,production,account_access,account_access,False,neutral,neutral,False,tier2_senior_review
GF-0117,production,other_contact,other_contact,False,neutral,neutral,False,tier2_senior_review
GF-0118,production,refund_request,refund_request,False,neutral,neutral,False,tier2_senior_review
GF-0119,overlap,shipping_delivery,shipping_delivery,False,negative,negative,False,tier2_senior_review
GF-0120,production,other_contact,other_contact,False,negative,negative,False,tier2_senior_review
GF-0121,overlap,other_contact,other_contact,False,neutral,neutral,False,tier2_senior_review
GF-0122,overlap,refund_request,refund_request,False,neutral,neutral,False,tier2_senior_review
GF-0123,overlap,refund_request,refund_request,False,positive,positive,False,tier2_senior_review
GF-0124,overlap,refund_request,refund_request,False,neutral,neutral,False,tier2_senior_review
GF-0125,production,other_contact,other_contact,False,neutral,neutral,False,tier2_senior_review
GF-0126,overlap,refund_request,refund_request,False,neutral,neutral,False,tier2_senior_review
GF-0127,production,feedback_complaints,feedback_complaints,False,neutral,neutral,False,tier2_senior_review
GF-0128,production,feedback_complaints,billing_payments,True,neutral,neutral,False,tier2_senior_review
GF-0129,overlap,account_access,account_access,False,negative,negative,False,tier2_senior_review
GF-0130,production,shipping_delivery,shipping_delivery,False,neutral,neutral,False,tier2_senior_review
GF-0131,production,refund_request,refund_request,False,negative,negative,False,tier2_senior_review
GF-0132,production,billing_payments,billing_payments,False,positive,positive,False,tier2_senior_review
GF-0133,production,other_contact,other_contact,False,neutral,neutral,False,tier2_senior_review
GF-0134,overlap,billing_payments,billing_payments,False,neutral,neutral,False,tier2_senior_review
GF-0135,production,refund_request,refund_request,False,neutral,neutral,False,tier2_senior_review
GF-0136,production,other_contact,other_contact,False,negative,negative,False,tier2_senior_review
GF-0137,production,feedback_complaints,feedback_complaints,False,neutral,neutral,False,tier2_senior_review
GF-0138,overlap,billing_payments,billing_payments,False,neutral,neutral,False,tier2_senior_review
GF-0139,overlap,order_changes,order_changes,False,neutral,neutral,False,tier2_senior_review
GF-0140,production,refund_request,refund_request,False,neutral,neutral,False,tier2_senior_review
GF-0141,production,other_contact,other_contact,False,neutral,neutral,False,tier2_senior_review
GF-0142,overlap,refund_request,refund_request,False,negative,negative,False,tier2_senior_review
GF-0143,production,other_contact,other_contact,False,positive,positive,False,tier2_senior_review
GF-0144,production,refund_request,refund_request,False,neutral,neutral,False,tier2_senior_review
GF-0145,production,other_contact,other_contact,False,neutral,neutral,False,tier2_senior_review
GF-0146,production,refund_request,billing_payments,True,neutral,negative,True,tier2_senior_review
GF-0147,production,order_changes,order_changes,False,neutral,neutral,False,tier2_senior_review
GF-0148,production,shipping_delivery,shipping_delivery,False,negative,negative,False,tier2_senior_review
GF-0149,overlap,refund_request,refund_request,False,negative,negative,False,tier2_senior_review
GF-0150,overlap,other_contact,other_contact,False,negative,negative,False,tier2_senior_review
GF-0151,overlap,refund_request,refund_request,False,neutral,neutral,False,tier2_senior_review
GF-0152,production,other_contact,other_contact,False,neutral,neutral,False,tier2_senior_review
GF-0153,production,cancellation,cancellation,False,neutral,neutral,False,tier2_senior_review
GF-0154,production,feedback_complaints,feedback_complaints,False,neutral,neutral,False,tier2_senior_review
GF-0155,overlap,shipping_delivery,shipping_delivery,False,neutral,neutral,False,tier2_senior_review
GF-0156,production,cancellation,cancellation,False,negative,negative,False,tier2_senior_review
GF-0157,production,account_access,account_access,False,neutral,neutral,False,tier2_senior_review
GF-0158,production,refund_request,refund_request,False,neutral,neutral,False,tier2_senior_review
GF-0159,overlap,account_access,account_access,False,negative,negative,False,tier2_senior_review
GF-0160,overlap,account_access,account_access,False,neutral,neutral,False,tier2_senior_review
GF-0161,overlap,billing_payments,billing_payments,False,neutral,neutral,False,tier2_senior_review
GF-0162,production,refund_request,refund_request,False,positive,positive,False,tier2_senior_review
GF-0163,production,other_contact,other_contact,False,neutral,neutral,False,tier2_senior_review
GF-0164,overlap,billing_payments,billing_payments,False,neutral,neutral,False,tier2_senior_review
GF-0165,production,feedback_complaints,feedback_complaints,False,neutral,neutral,False,tier2_senior_review
GF-0166,production,other_contact,other_contact,False,negative,negative,False,tier2_senior_review
GF-0167,production,cancellation,cancellation,False,neutral,neutral,False,tier2_senior_review
GF-0168,production,account_access,account_access,False,neutral,neutral,False,tier2_senior_review
GF-0169,overlap,refund_request,refund_request,False,negative,negative,False,tier2_senior_review
GF-0170,overlap,account_access,account_access,False,neutral,neutral,False,tier2_senior_review
GF-0171,production,other_contact,other_contact,False,positive,positive,False,tier2_senior_review
GF-0172,production,other_contact,other_contact,False,neutral,neutral,False,tier2_senior_review
GF-0173,production,refund_request,refund_request,False,neutral,neutral,False,tier2_senior_review
GF-0174,production,feedback_complaints,feedback_complaints,False,neutral,neutral,False,tier2_senior_review
GF-0175,overlap,cancellation,cancellation,False,negative,negative,False,tier2_senior_review
GF-0176,production,cancellation,cancellation,False,neutral,neutral,False,tier2_senior_review
GF-0177,production,account_access,account_access,False,neutral,neutral,False,tier2_senior_review
GF-0178,production,other_contact,other_contact,False,negative,negative,False,tier2_senior_review
GF-0179,overlap,account_access,account_access,False,neutral,neutral,False,tier2_senior_review
GF-0180,production,billing_payments,billing_payments,False,negative,negative,False,tier2_senior_review
GF-0181,production,billing_payments,billing_payments,False,negative,negative,False,tier2_senior_review
GF-0182,production,billing_payments,billing_payments,False,neutral,neutral,False,tier2_senior_review
GF-0183,overlap,refund_request,refund_request,False,neutral,neutral,False,tier2_senior_review
GF-0184,production,feedback_complaints,feedback_complaints,False,neutral,neutral,False,tier2_senior_review
GF-0185,overlap,billing_payments,billing_payments,False,neutral,neutral,False,tier2_senior_review
GF-0186,production,feedback_complaints,feedback_complaints,False,neutral,neutral,False,tier2_senior_review
GF-0187,production,other_contact,other_contact,False,neutral,neutral,False,tier2_senior_review
GF-0188,overlap,refund_request,refund_request,False,neutral,neutral,False,tier2_senior_review
GF-0189,overlap,other_contact,other_contact,False,neutral,neutral,False,tier2_senior_review
GF-0190,overlap,other_contact,other_contact,False,neutral,neutral,False,tier2_senior_review
GF-0191,production,other_contact,other_contact,False,neutral,neutral,False,tier2_senior_review
GF-0192,overlap,billing_payments,billing_payments,False,negative,negative,False,tier2_senior_review
GF-0193,production,refund_request,refund_request,False,neutral,neutral,False,tier2_senior_review
GF-0194,production,account_access,account_access,False,neutral,neutral,False,tier2_senior_review
GF-0195,production,shipping_delivery,shipping_delivery,False,positive,positive,False,tier2_senior_review
GF-0196,overlap,refund_request,refund_request,False,neutral,neutral,False,tier2_senior_review
GF-0197,production,cancellation,cancellation,False,neutral,neutral,False,tier2_senior_review
GF-0198,overlap,refund_request,refund_request,False,negative,negative,False,tier2_senior_review
GF-0199,overlap,refund_request,refund_request,False,neutral,neutral,False,tier2_senior_review
GF-0200,production,feedback_complaints,feedback_complaints,False,neutral,neutral,False,tier2_senior_review
GF-0201,production,other_contact,other_contact,False,negative,negative,False,tier2_senior_review
GF-0202,overlap,refund_request,refund_request,False,neutral,neutral,False,tier2_senior_review
GF-0203,overlap,other_contact,other_contact,False,neutral,neutral,False,tier2_senior_review
GF-0204,production,refund_request,other_contact,True,neutral,neutral,False,tier2_senior_review
GF-0205,overlap,shipping_delivery,shipping_delivery,False,negative,negative,False,tier2_senior_review
GF-0206,production,refund_request,refund_request,False,negative,negative,False,tier2_senior_review
GF-0207,overlap,billing_payments,billing_payments,False,neutral,neutral,False,tier2_senior_review
GF-0208,production,refund_request,refund_request,False,positive,positive,False,tier2_senior_review
GF-0209,overlap,refund_request,refund_request,False,negative,negative,False,tier2_senior_review
GF-0210,production,other_contact,other_contact,False,negative,negative,False,tier2_senior_review
GF-0211,production,refund_request,refund_request,False,neutral,neutral,False,tier2_senior_review
GF-0212,production,other_contact,other_contact,False,positive,positive,False,tier2_senior_review
GF-0213,production,account_access,account_access,False,neutral,neutral,False,tier2_senior_review
GF-0214,production,cancellation,cancellation,False,neutral,neutral,False,tier2_senior_review
GF-0215,production,billing_payments,billing_payments,False,negative,negative,False,tier2_senior_review
GF-0216,production,cancellation,cancellation,False,neutral,neutral,False,tier2_senior_review
GF-0217,overlap,billing_payments,billing_payments,False,neutral,neutral,False,tier2_senior_review
GF-0218,production,account_access,other_contact,True,negative,positive,True,tier2_senior_review
GF-0219,production,other_contact,other_contact,False,negative,negative,False,tier2_senior_review
GF-0220,overlap,order_changes,order_changes,False,neutral,neutral,False,tier2_senior_review
GF-0221,overlap,refund_request,refund_request,False,neutral,neutral,False,tier2_senior_review
GF-0222,production,feedback_complaints,feedback_complaints,False,neutral,neutral,False,tier2_senior_review
GF-0223,production,other_contact,other_contact,False,neutral,neutral,False,tier2_senior_review
GF-0224,production,other_contact,other_contact,False,positive,positive,False,tier2_senior_review
GF-0225,production,refund_request,refund_request,False,neutral,neutral,False,tier2_senior_review
GF-0226,production,refund_request,refund_request,False,neutral,neutral,False,tier2_senior_review
GF-0227,production,cancellation,cancellation,False,neutral,neutral,False,tier2_senior_review
GF-0228,production,other_contact,other_contact,False,neutral,neutral,False,tier2_senior_review
GF-0229,production,feedback_complaints,feedback_complaints,False,neutral,neutral,False,tier2_senior_review
GF-0230,production,billing_payments,billing_payments,False,positive,positive,False,tier2_senior_review
GF-0231,production,other_contact,other_contact,False,neutral,negative,True,tier2_senior_review
GF-0232,production,refund_request,refund_request,False,neutral,neutral,False,tier2_senior_review
GF-0233,production,billing_payments,billing_payments,False,neutral,neutral,False,tier2_senior_review
GF-0234,production,other_contact,other_contact,False,negative,negative,False,tier2_senior_review
GF-0235,production,billing_payments,billing_payments,False,positive,positive,False,tier2_senior_review
GF-0236,overlap,billing_payments,billing_payments,False,neutral,neutral,False,tier2_senior_review
GF-0237,production,refund_request,refund_request,False,neutral,neutral,False,tier2_senior_review
GF-0238,production,other_contact,other_contact,False,neutral,neutral,False,tier2_senior_review
GF-0239,production,refund_request,refund_request,False,neutral,neutral,False,tier2_senior_review
GF-0240,production,refund_request,refund_request,False,neutral,neutral,False,tier2_senior_review
GF-0241,production,billing_payments,billing_payments,False,neutral,neutral,False,tier2_senior_review
GF-0242,production,billing_payments,billing_payments,False,neutral,neutral,False,tier2_senior_review
GF-0243,overlap,cancellation,cancellation,False,neutral,neutral,False,tier2_senior_review
GF-0244,overlap,other_contact,other_contact,False,positive,positive,False,tier2_senior_review
GF-0245,production,billing_payments,billing_payments,False,neutral,neutral,False,tier2_senior_review
GF-0246,production,account_access,account_access,False,negative,negative,False,tier2_senior_review
GF-0247,overlap,refund_request,refund_request,False,neutral,neutral,False,tier2_senior_review
GF-0248,production,other_contact,other_contact,False,neutral,neutral,False,tier2_senior_review
GF-0249,overlap,refund_request,refund_request,False,negative,negative,False,tier2_senior_review
GF-0250,overlap,cancellation,cancellation,False,neutral,neutral,False,tier2_senior_review
GF-0251,production,billing_payments,billing_payments,False,negative,negative,False,tier2_senior_review
GF-0252,production,shipping_delivery,shipping_delivery,False,neutral,neutral,False,tier2_senior_review
GF-0253,overlap,cancellation,cancellation,False,positive,positive,False,tier2_senior_review
GF-0254,production,refund_request,refund_request,False,neutral,neutral,False,tier2_senior_review
GF-0255,production,refund_request,refund_request,False,negative,positive,True,tier2_senior_review
GF-0256,production,other_contact,other_contact,False,neutral,neutral,False,tier2_senior_review
GF-0257,production,other_contact,other_contact,False,neutral,neutral,False,tier2_senior_review
GF-0258,production,account_access,account_access,False,neutral,neutral,False,tier2_senior_review
GF-0259,production,other_contact,other_contact,False,neutral,neutral,False,tier2_senior_review
GF-0260,production,account_access,account_access,False,positive,positive,False,tier2_senior_review
GF-0261,overlap,other_contact,other_contact,False,neutral,neutral,False,tier2_senior_review
GF-0262,production,refund_request,refund_request,False,neutral,neutral,False,tier2_senior_review
GF-0263,production,other_contact,other_contact,False,neutral,neutral,False,tier2_senior_review
GF-0264,production,billing_payments,billing_payments,False,positive,positive,False,tier2_senior_review
GF-0265,production,other_contact,other_contact,False,negative,negative,False,tier2_senior_review
GF-0266,overlap,billing_payments,billing_payments,False,neutral,neutral,False,tier2_senior_review
GF-0267,overlap,other_contact,other_contact,False,negative,negative,False,tier2_senior_review
GF-0268,production,refund_request,refund_request,False,neutral,neutral,False,tier2_senior_review
GF-0269,production,refund_request,refund_request,False,positive,positive,False,tier2_senior_review
GF-0270,production,cancellation,cancellation,False,neutral,neutral,False,tier2_senior_review
GF-0271,production,account_access,account_access,False,negative,negative,False,tier2_senior_review
GF-0272,production,other_contact,other_contact,False,positive,positive,False,tier2_senior_review
GF-0273,overlap,cancellation,cancellation,False,neutral,neutral,False,tier2_senior_review
GF-0274,production,cancellation,cancellation,False,neutral,neutral,False,tier2_senior_review
GF-0275,overlap,shipping_delivery,shipping_delivery,False,negative,negative,False,tier2_senior_review
GF-0276,overlap,refund_request,refund_request,False,negative,negative,False,tier2_senior_review
GF-0277,production,billing_payments,billing_payments,False,neutral,neutral,False,tier2_senior_review
GF-0278,production,account_access,account_access,False,neutral,neutral,False,tier2_senior_review
GF-0279,overlap,refund_request,refund_request,False,neutral,neutral,False,tier2_senior_review
GF-0280,overlap,refund_request,refund_request,False,neutral,neutral,False,tier2_senior_review
GF-0281,overlap,billing_payments,billing_payments,False,negative,negative,False,tier2_senior_review
GF-0282,production,cancellation,cancellation,False,negative,negative,False,tier2_senior_review
GF-0283,production,other_contact,other_contact,False,neutral,neutral,False,tier2_senior_review
GF-0284,production,other_contact,other_contact,False,neutral,neutral,False,tier2_senior_review
GF-0285,production,shipping_delivery,shipping_delivery,False,neutral,neutral,False,tier2_senior_review
GF-0286,production,feedback_complaints,feedback_complaints,False,neutral,neutral,False,tier2_senior_review
GF-0287,production,other_contact,other_contact,False,neutral,neutral,False,tier2_senior_review
GF-0288,production,shipping_delivery,shipping_delivery,False,neutral,neutral,False,tier2_senior_review
GF-0289,production,other_contact,other_contact,False,neutral,neutral,False,tier2_senior_review
GF-0290,production,other_contact,other_contact,False,neutral,neutral,False,tier2_senior_review
GF-0291,overlap,refund_request,refund_request,False,positive,negative,True,tier2_senior_review
GF-0292,overlap,shipping_delivery,shipping_delivery,False,neutral,neutral,False,tier2_senior_review
GF-0293,production,billing_payments,billing_payments,False,negative,negative,False,tier2_senior_review
GF-0294,production,shipping_delivery,shipping_delivery,False,negative,negative,False,tier2_senior_review
GF-0295,overlap,order_changes,order_changes,False,positive,positive,False,tier2_senior_review
GF-0296,production,billing_payments,billing_payments,False,negative,negative,False,tier2_senior_review
GF-0297,production,shipping_delivery,shipping_delivery,False,neutral,neutral,False,tier2_senior_review
GF-0298,overlap,refund_request,refund_request,False,negative,negative,False,tier2_senior_review
GF-0299,overlap,other_contact,other_contact,False,neutral,neutral,False,tier2_senior_review
GF-0300,production,shipping_delivery,shipping_delivery,False,positive,positive,False,tier2_senior_review
GF-0301,production,billing_payments,billing_payments,False,negative,negative,False,tier2_senior_review
GF-0302,production,other_contact,other_contact,False,neutral,neutral,False,tier2_senior_review
GF-0303,production,other_contact,other_contact,False,neutral,neutral,False,tier2_senior_review
GF-0304,production,billing_payments,billing_payments,False,positive,positive,False,tier2_senior_review
GF-0305,production,other_contact,other_contact,False,neutral,neutral,False,tier2_senior_review
GF-0306,production,feedback_complaints,feedback_complaints,False,negative,negative,False,tier2_senior_review
GF-0307,production,other_contact,other_contact,False,neutral,negative,True,tier2_senior_review
GF-0308,production,refund_request,refund_request,False,positive,positive,False,tier2_senior_review
GF-0309,production,other_contact,other_contact,False,positive,positive,False,tier2_senior_review
GF-0310,production,shipping_delivery,shipping_delivery,False,neutral,neutral,False,tier2_senior_review
GF-0311,production,account_access,account_access,False,neutral,neutral,False,tier2_senior_review
GF-0312,production,feedback_complaints,feedback_complaints,False,neutral,neutral,False,tier2_senior_review
GF-0313,production,other_contact,other_contact,False,neutral,neutral,False,tier2_senior_review
GF-0314,production,other_contact,other_contact,False,neutral,neutral,False,tier2_senior_review
GF-0315,production,billing_payments,billing_payments,False,neutral,neutral,False,tier2_senior_review
GF-0316,production,other_contact,other_contact,False,negative,negative,False,tier2_senior_review
GF-0317,production,refund_request,refund_request,False,neutral,neutral,False,tier2_senior_review
GF-0318,overlap,cancellation,cancellation,False,positive,positive,False,tier2_senior_review
GF-0319,overlap,cancellation,cancellation,False,neutral,neutral,False,tier2_senior_review
GF-0320,production,other_contact,other_contact,False,neutral,neutral,False,tier2_senior_review
GF-0321,overlap,shipping_delivery,shipping_delivery,False,neutral,neutral,False,tier2_senior_review
GF-0322,production,other_contact,other_contact,False,positive,neutral,True,tier2_senior_review
GF-0323,production,shipping_delivery,shipping_delivery,False,negative,negative,False,tier2_senior_review
GF-0324,overlap,refund_request,refund_request,False,neutral,neutral,False,tier2_senior_review
GF-0325,overlap,shipping_delivery,shipping_delivery,False,neutral,neutral,False,tier2_senior_review
GF-0326,production,billing_payments,billing_payments,False,neutral,neutral,False,tier2_senior_review
GF-0327,production,billing_payments,billing_payments,False,neutral,neutral,False,tier2_senior_review
GF-0328,production,feedback_complaints,feedback_complaints,False,neutral,neutral,False,tier2_senior_review
GF-0329,production,other_contact,other_contact,False,neutral,negative,True,tier2_senior_review
GF-0330,production,refund_request,refund_request,False,neutral,neutral,False,tier2_senior_review
GF-0331,production,other_contact,other_contact,False,neutral,neutral,False,tier2_senior_review
GF-0332,overlap,other_contact,other_contact,False,neutral,neutral,False,tier2_senior_review
GF-0333,production,other_contact,other_contact,False,neutral,neutral,False,tier2_senior_review
GF-0334,overlap,other_contact,other_contact,False,neutral,neutral,False,tier2_senior_review
GF-0335,production,other_contact,other_contact,False,neutral,neutral,False,tier2_senior_review
GF-0336,overlap,shipping_delivery,shipping_delivery,False,negative,negative,False,tier2_senior_review
GF-0337,production,other_contact,other_contact,False,positive,positive,False,tier2_senior_review
GF-0338,overlap,feedback_complaints,feedback_complaints,False,negative,negative,False,tier2_senior_review
GF-0339,overlap,billing_payments,billing_payments,False,negative,negative,False,tier2_senior_review
GF-0340,production,shipping_delivery,shipping_delivery,False,neutral,neutral,False,tier2_senior_review
GF-0341,production,refund_request,refund_request,False,neutral,neutral,False,tier2_senior_review
GF-0342,production,billing_payments,billing_payments,False,negative,negative,False,tier2_senior_review
GF-0343,production,billing_payments,billing_payments,False,neutral,neutral,False,tier2_senior_review
GF-0344,production,shipping_delivery,shipping_delivery,False,negative,negative,False,tier2_senior_review
GF-0345,overlap,cancellation,cancellation,False,negative,negative,False,tier2_senior_review
GF-0346,production,cancellation,other_contact,True,neutral,neutral,False,tier2_senior_review
GF-0347,production,other_contact,other_contact,False,neutral,neutral,False,tier2_senior_review
GF-0348,production,cancellation,cancellation,False,neutral,neutral,False,tier2_senior_review
GF-0349,production,other_contact,other_contact,False,neutral,neutral,False,tier2_senior_review
GF-0350,production,cancellation,cancellation,False,negative,negative,False,tier2_senior_review
GF-0351,production,other_contact,other_contact,False,neutral,neutral,False,tier2_senior_review
GF-0352,production,refund_request,refund_request,False,neutral,neutral,False,tier2_senior_review
GF-0353,production,other_contact,other_contact,False,neutral,neutral,False,tier2_senior_review
GF-0354,production,other_contact,other_contact,False,neutral,neutral,False,tier2_senior_review
GF-0355,production,feedback_complaints,feedback_complaints,False,neutral,neutral,False,tier2_senior_review
GF-0356,overlap,feedback_complaints,feedback_complaints,False,neutral,neutral,False,tier2_senior_review
GF-0357,overlap,cancellation,cancellation,False,negative,negative,False,tier2_senior_review
GF-0358,production,other_contact,other_contact,False,negative,negative,False,tier2_senior_review
GF-0359,overlap,cancellation,cancellation,False,positive,positive,False,tier2_senior_review
GF-0360,overlap,refund_request,refund_request,False,negative,negative,False,tier2_senior_review
GF-0361,overlap,order_changes,order_changes,False,neutral,neutral,False,tier2_senior_review
GF-0362,production,refund_request,refund_request,False,neutral,neutral,False,tier2_senior_review
GF-0363,production,refund_request,refund_request,False,negative,negative,False,tier2_senior_review
GF-0364,overlap,feedback_complaints,feedback_complaints,False,neutral,neutral,False,tier2_senior_review
GF-0365,overlap,other_contact,other_contact,False,neutral,neutral,False,tier2_senior_review
GF-0366,overlap,shipping_delivery,shipping_delivery,False,negative,negative,False,tier2_senior_review
GF-0367,production,billing_payments,billing_payments,False,positive,positive,False,tier2_senior_review
GF-0368,production,billing_payments,billing_payments,False,negative,negative,False,tier2_senior_review
GF-0369,overlap,account_access,account_access,False,negative,negative,False,tier2_senior_review
GF-0370,overlap,refund_request,refund_request,False,negative,negative,False,tier2_senior_review
GF-0371,production,billing_payments,billing_payments,False,neutral,neutral,False,tier2_senior_review
GF-0372,production,other_contact,other_contact,False,neutral,neutral,False,tier2_senior_review
GF-0373,overlap,refund_request,refund_request,False,negative,negative,False,tier2_senior_review
GF-0374,overlap,billing_payments,billing_payments,False,positive,positive,False,tier2_senior_review
GF-0375,production,other_contact,other_contact,False,neutral,neutral,False,tier2_senior_review
GF-0376,overlap,cancellation,cancellation,False,negative,negative,False,tier2_senior_review
GF-0377,overlap,refund_request,refund_request,False,negative,negative,False,tier2_senior_review
GF-0378,production,other_contact,other_contact,False,neutral,neutral,False,tier2_senior_review
GF-0379,production,cancellation,cancellation,False,neutral,neutral,False,tier2_senior_review
GF-0380,production,refund_request,refund_request,False,positive,positive,False,tier2_senior_review
GF-0381,overlap,refund_request,refund_request,False,neutral,neutral,False,tier2_senior_review
GF-0382,production,refund_request,refund_request,False,neutral,negative,True,tier2_senior_review
GF-0383,production,account_access,account_access,False,neutral,neutral,False,tier2_senior_review
GF-0384,production,billing_payments,billing_payments,False,neutral,neutral,False,tier2_senior_review
GF-0385,production,other_contact,other_contact,False,neutral,neutral,False,tier2_senior_review
GF-0386,production,refund_request,refund_request,False,neutral,neutral,False,tier2_senior_review
GF-0387,overlap,billing_payments,billing_payments,False,negative,negative,False,tier2_senior_review
GF-0388,production,other_contact,other_contact,False,neutral,negative,True,tier2_senior_review
GF-0389,production,cancellation,cancellation,False,neutral,neutral,False,tier2_senior_review
GF-0390,overlap,refund_request,refund_request,False,negative,negative,False,tier2_senior_review
GF-0391,production,account_access,account_access,False,neutral,neutral,False,tier2_senior_review
GF-0392,production,refund_request,refund_request,False,positive,neutral,True,tier2_senior_review
GF-0393,production,refund_request,refund_request,False,neutral,neutral,False,tier2_senior_review
GF-0394,overlap,billing_payments,billing_payments,False,neutral,neutral,False,tier2_senior_review
GF-0395,production,shipping_delivery,shipping_delivery,False,neutral,neutral,False,tier2_senior_review
GF-0396,production,other_contact,other_contact,False,negative,negative,False,tier2_senior_review
GF-0397,production,cancellation,cancellation,False,positive,positive,False,tier2_senior_review
GF-0398,production,billing_payments,billing_payments,False,neutral,neutral,False,tier2_senior_review
GF-0399,production,other_contact,other_contact,False,negative,negative,False,tier2_senior_review
GF-0400,overlap,refund_request,refund_request,False,positive,positive,False,tier2_senior_review
GF-0401,overlap,billing_payments,billing_payments,False,negative,negative,False,tier2_senior_review
GF-0402,production,account_access,account_access,False,negative,negative,False,tier2_senior_review
GF-0403,production,account_access,account_access,False,neutral,neutral,False,tier2_senior_review
GF-0404,production,other_contact,other_contact,False,neutral,neutral,False,tier2_senior_review
GF-0405,overlap,cancellation,cancellation,False,negative,negative,False,tier2_senior_review
GF-0406,overlap,cancellation,cancellation,False,negative,negative,False,tier2_senior_review
GF-0407,production,refund_request,refund_request,False,neutral,neutral,False,tier2_senior_review
GF-0408,overlap,billing_payments,billing_payments,False,neutral,neutral,False,tier2_senior_review
GF-0409,production,refund_request,refund_request,False,neutral,neutral,False,tier2_senior_review
GF-0410,production,shipping_delivery,shipping_delivery,False,negative,negative,False,tier2_senior_review
GF-0411,overlap,other_contact,other_contact,False,negative,negative,False,tier2_senior_review
GF-0412,production,refund_request,refund_request,False,negative,negative,False,tier2_senior_review
GF-0413,overlap,refund_request,refund_request,False,neutral,neutral,False,tier2_senior_review
GF-0414,production,shipping_delivery,shipping_delivery,False,negative,negative,False,tier2_senior_review
GF-0415,overlap,other_contact,other_contact,False,negative,negative,False,tier2_senior_review
GF-0416,production,billing_payments,billing_payments,False,negative,negative,False,tier2_senior_review
GF-0417,production,refund_request,refund_request,False,neutral,neutral,False,tier2_senior_review
GF-0418,production,other_contact,other_contact,False,neutral,neutral,False,tier2_senior_review
GF-0419,overlap,billing_payments,billing_payments,False,negative,negative,False,tier2_senior_review
GF-0420,overlap,account_access,account_access,False,positive,positive,False,tier2_senior_review
GF-0421,production,refund_request,refund_request,False,neutral,neutral,False,tier2_senior_review
GF-0422,production,order_changes,order_changes,False,negative,negative,False,tier2_senior_review
GF-0423,production,shipping_delivery,shipping_delivery,False,neutral,neutral,False,tier2_senior_review
GF-0424,production,billing_payments,other_contact,True,neutral,neutral,False,tier2_senior_review
GF-0425,overlap,account_access,account_access,False,negative,negative,False,tier2_senior_review
GF-0426,production,other_contact,other_contact,False,neutral,neutral,False,tier2_senior_review
GF-0427,production,billing_payments,billing_payments,False,neutral,neutral,False,tier2_senior_review
GF-0428,production,other_contact,other_contact,False,negative,negative,False,tier2_senior_review
GF-0429,production,cancellation,cancellation,False,neutral,neutral,False,tier2_senior_review
GF-0430,overlap,refund_request,refund_request,False,negative,negative,False,tier2_senior_review
GF-0431,production,other_contact,other_contact,False,neutral,neutral,False,tier2_senior_review
GF-0432,production,refund_request,refund_request,False,neutral,neutral,False,tier2_senior_review
GF-0433,production,other_contact,other_contact,False,neutral,neutral,False,tier2_senior_review
GF-0434,production,feedback_complaints,feedback_complaints,False,neutral,neutral,False,tier2_senior_review
GF-0435,overlap,cancellation,cancellation,False,neutral,neutral,False,tier2_senior_review
GF-0436,production,billing_payments,billing_payments,False,neutral,neutral,False,tier2_senior_review
GF-0437,production,feedback_complaints,feedback_complaints,False,neutral,neutral,False,tier2_senior_review
GF-0438,production,refund_request,refund_request,False,neutral,neutral,False,tier2_senior_review
GF-0439,production,billing_payments,billing_payments,False,neutral,neutral,False,tier2_senior_review
GF-0440,overlap,cancellation,cancellation,False,neutral,neutral,False,tier2_senior_review
GF-0441,production,cancellation,cancellation,False,neutral,neutral,False,tier2_senior_review
GF-0442,overlap,account_access,account_access,False,neutral,neutral,False,tier2_senior_review
GF-0443,overlap,cancellation,cancellation,False,neutral,neutral,False,tier2_senior_review
GF-0444,production,billing_payments,billing_payments,False,negative,negative,False,tier2_senior_review
GF-0445,production,feedback_complaints,feedback_complaints,False,neutral,neutral,False,tier2_senior_review
GF-0446,overlap,cancellation,cancellation,False,neutral,neutral,False,tier2_senior_review
GF-0447,production,feedback_complaints,feedback_complaints,False,negative,negative,False,tier2_senior_review
GF-0448,production,refund_request,refund_request,False,neutral,neutral,False,tier2_senior_review
GF-0449,production,account_access,account_access,False,neutral,neutral,False,tier2_senior_review
GF-0450,production,other_contact,other_contact,False,negative,negative,False,tier2_senior_review
GF-0451,production,account_access,account_access,False,positive,positive,False,tier2_senior_review
GF-0452,production,other_contact,other_contact,False,neutral,neutral,False,tier2_senior_review
GF-0453,production,shipping_delivery,shipping_delivery,False,negative,negative,False,tier2_senior_review
GF-0454,production,other_contact,other_contact,False,negative,negative,False,tier2_senior_review
GF-0455,production,billing_payments,billing_payments,False,negative,negative,False,tier2_senior_review
GF-0456,production,refund_request,refund_request,False,negative,negative,False,tier2_senior_review
GF-0457,production,billing_payments,billing_payments,False,neutral,neutral,False,tier2_senior_review
GF-0458,production,feedback_complaints,feedback_complaints,False,positive,positive,False,tier2_senior_review
GF-0459,production,other_contact,other_contact,False,neutral,neutral,False,tier2_senior_review
GF-0460,overlap,refund_request,refund_request,False,positive,positive,False,tier2_senior_review
GF-0461,production,other_contact,other_contact,False,positive,positive,False,tier2_senior_review
GF-0462,production,cancellation,cancellation,False,neutral,neutral,False,tier2_senior_review
GF-0463,overlap,shipping_delivery,shipping_delivery,False,negative,negative,False,tier2_senior_review
GF-0464,production,other_contact,other_contact,False,neutral,neutral,False,tier2_senior_review
GF-0465,overlap,other_contact,other_contact,False,neutral,neutral,False,tier2_senior_review
GF-0466,overlap,billing_payments,billing_payments,False,neutral,neutral,False,tier2_senior_review
GF-0467,overlap,other_contact,other_contact,False,neutral,neutral,False,tier2_senior_review
GF-0468,production,billing_payments,billing_payments,False,neutral,neutral,False,tier2_senior_review
GF-0469,production,other_contact,other_contact,False,neutral,neutral,False,tier2_senior_review
GF-0470,overlap,shipping_delivery,shipping_delivery,False,neutral,neutral,False,tier2_senior_review
GF-0471,production,other_contact,other_contact,False,neutral,neutral,False,tier2_senior_review
GF-0472,production,shipping_delivery,shipping_delivery,False,negative,negative,False,tier2_senior_review
GF-0473,overlap,account_access,account_access,False,neutral,neutral,False,tier2_senior_review
GF-0474,production,shipping_delivery,shipping_delivery,False,neutral,negative,True,tier2_senior_review
GF-0475,production,cancellation,cancellation,False,negative,negative,False,tier2_senior_review
GF-0476,overlap,other_contact,other_contact,False,neutral,neutral,False,tier2_senior_review
GF-0477,overlap,billing_payments,billing_payments,False,negative,negative,False,tier2_senior_review
GF-0478,production,billing_payments,billing_payments,False,neutral,neutral,False,tier2_senior_review
GF-0479,production,other_contact,other_contact,False,neutral,neutral,False,tier2_senior_review
GF-0480,production,other_contact,other_contact,False,negative,negative,False,tier2_senior_review
GF-0481,production,feedback_complaints,feedback_complaints,False,neutral,neutral,False,tier2_senior_review
GF-0482,overlap,other_contact,other_contact,False,neutral,neutral,False,tier2_senior_review
GF-0483,production,billing_payments,billing_payments,False,neutral,neutral,False,tier2_senior_review
GF-0484,production,other_contact,other_contact,False,neutral,neutral,False,tier2_senior_review
GF-0485,overlap,cancellation,cancellation,False,positive,positive,False,tier2_senior_review
GF-0486,production,account_access,account_access,False,neutral,neutral,False,tier2_senior_review
GF-0487,production,feedback_complaints,feedback_complaints,False,neutral,neutral,False,tier2_senior_review
GF-0488,production,refund_request,refund_request,False,negative,negative,False,tier2_senior_review
GF-0489,production,account_access,account_access,False,negative,negative,False,tier2_senior_review
GF-0490,production,refund_request,refund_request,False,neutral,neutral,False,tier2_senior_review
GF-0491,overlap,refund_request,refund_request,False,negative,negative,False,tier2_senior_review
GF-0492,production,other_contact,other_contact,False,positive,neutral,True,tier2_senior_review
GF-0493,production,other_contact,other_contact,False,neutral,neutral,False,tier2_senior_review
GF-0494,overlap,billing_payments,billing_payments,False,negative,negative,False,tier2_senior_review
GF-0495,production,other_contact,other_contact,False,negative,negative,False,tier2_senior_review
GF-0496,production,billing_payments,billing_payments,False,neutral,neutral,False,tier2_senior_review
GF-0497,production,cancellation,cancellation,False,neutral,neutral,False,tier2_senior_review
GF-0498,production,feedback_complaints,feedback_complaints,False,neutral,neutral,False,tier2_senior_review
GF-0499,production,other_contact,other_contact,False,positive,positive,False,tier2_senior_review
GF-0500,overlap,other_contact,other_contact,False,neutral,neutral,False,tier2_senior_review
GF-0501,production,billing_payments,billing_payments,False,neutral,neutral,False,tier2_senior_review
GF-0502,overlap,refund_request,refund_request,False,neutral,neutral,False,tier2_senior_review
GF-0503,production,shipping_delivery,shipping_delivery,False,negative,negative,False,tier2_senior_review
GF-0504,production,shipping_delivery,shipping_delivery,False,negative,negative,False,tier2_senior_review
GF-0505,production,billing_payments,billing_payments,False,neutral,neutral,False,tier2_senior_review
GF-0506,production,shipping_delivery,shipping_delivery,False,neutral,neutral,False,tier2_senior_review
GF-0507,production,account_access,account_access,False,neutral,neutral,False,tier2_senior_review
GF-0508,production,other_contact,other_contact,False,positive,neutral,True,tier2_senior_review
GF-0509,production,refund_request,refund_request,False,neutral,neutral,False,tier2_senior_review
GF-0510,production,billing_payments,billing_payments,False,neutral,negative,True,tier2_senior_review
GF-0511,production,other_contact,other_contact,False,neutral,neutral,False,tier2_senior_review
GF-0512,production,billing_payments,billing_payments,False,neutral,neutral,False,tier2_senior_review
GF-0513,production,billing_payments,billing_payments,False,neutral,neutral,False,tier2_senior_review
GF-0514,production,billing_payments,billing_payments,False,neutral,neutral,False,tier2_senior_review
GF-0515,production,other_contact,other_contact,False,neutral,neutral,False,tier2_senior_review
GF-0516,overlap,refund_request,refund_request,False,negative,negative,False,tier2_senior_review
GF-0517,production,other_contact,other_contact,False,negative,negative,False,tier2_senior_review
GF-0518,production,refund_request,refund_request,False,positive,positive,False,tier2_senior_review
GF-0519,production,feedback_complaints,feedback_complaints,False,neutral,neutral,False,tier2_senior_review
GF-0520,production,billing_payments,billing_payments,False,neutral,neutral,False,tier2_senior_review
GF-0521,production,refund_request,refund_request,False,neutral,neutral,False,tier2_senior_review
GF-0522,production,feedback_complaints,feedback_complaints,False,neutral,neutral,False,tier2_senior_review
GF-0523,production,other_contact,other_contact,False,neutral,neutral,False,tier2_senior_review
GF-0524,production,other_contact,other_contact,False,neutral,neutral,False,tier2_senior_review
GF-0525,production,other_contact,other_contact,False,neutral,neutral,False,tier2_senior_review
GF-0526,production,shipping_delivery,shipping_delivery,False,neutral,neutral,False,tier2_senior_review
GF-0527,production,refund_request,refund_request,False,positive,positive,False,tier2_senior_review
GF-0528,production,other_contact,account_access,True,neutral,neutral,False,tier2_senior_review
GF-0529,production,other_contact,other_contact,False,neutral,neutral,False,tier2_senior_review
GF-0530,production,feedback_complaints,feedback_complaints,False,neutral,neutral,False,tier2_senior_review
GF-0531,production,billing_payments,billing_payments,False,negative,negative,False,tier2_senior_review
GF-0532,production,refund_request,refund_request,False,negative,negative,False,tier2_senior_review
GF-0533,overlap,shipping_delivery,shipping_delivery,False,negative,negative,False,tier2_senior_review
GF-0534,overlap,refund_request,refund_request,False,neutral,neutral,False,tier2_senior_review
GF-0535,production,billing_payments,billing_payments,False,neutral,negative,True,tier2_senior_review
GF-0536,production,refund_request,refund_request,False,neutral,neutral,False,tier2_senior_review
GF-0537,overlap,other_contact,other_contact,False,negative,negative,False,tier2_senior_review
GF-0538,overlap,cancellation,cancellation,False,negative,negative,False,tier2_senior_review
GF-0539,production,billing_payments,billing_payments,False,neutral,neutral,False,tier2_senior_review
GF-0540,overlap,feedback_complaints,feedback_complaints,False,neutral,neutral,False,tier2_senior_review
GF-0541,production,account_access,account_access,False,neutral,neutral,False,tier2_senior_review
GF-0542,production,billing_payments,billing_payments,False,neutral,neutral,False,tier2_senior_review
GF-0543,production,refund_request,refund_request,False,neutral,neutral,False,tier2_senior_review
GF-0544,overlap,other_contact,other_contact,False,negative,negative,False,tier2_senior_review
GF-0545,production,refund_request,refund_request,False,neutral,neutral,False,tier2_senior_review
GF-0546,overlap,refund_request,refund_request,False,neutral,neutral,False,tier2_senior_review
GF-0547,overlap,shipping_delivery,shipping_delivery,False,positive,positive,False,tier2_senior_review
GF-0548,production,other_contact,other_contact,False,negative,negative,False,tier2_senior_review
GF-0549,production,order_changes,order_changes,False,neutral,neutral,False,tier2_senior_review
GF-0550,production,shipping_delivery,shipping_delivery,False,neutral,neutral,False,tier2_senior_review
GF-0551,production,cancellation,cancellation,False,neutral,neutral,False,tier2_senior_review
GF-0552,overlap,billing_payments,billing_payments,False,neutral,neutral,False,tier2_senior_review
GF-0553,overlap,refund_request,refund_request,False,negative,negative,False,tier2_senior_review
GF-0554,production,other_contact,other_contact,False,negative,negative,False,tier2_senior_review
GF-0555,production,other_contact,other_contact,False,neutral,neutral,False,tier2_senior_review
GF-0556,production,shipping_delivery,shipping_delivery,False,negative,negative,False,tier2_senior_review
GF-0557,production,shipping_delivery,shipping_delivery,False,neutral,neutral,False,tier2_senior_review
GF-0558,production,other_contact,other_contact,False,negative,negative,False,tier2_senior_review
GF-0559,production,other_contact,other_contact,False,neutral,neutral,False,tier2_senior_review
GF-0560,production,feedback_complaints,feedback_complaints,False,neutral,neutral,False,tier2_senior_review
GF-0561,production,shipping_delivery,shipping_delivery,False,neutral,neutral,False,tier2_senior_review
GF-0562,production,billing_payments,billing_payments,False,negative,negative,False,tier2_senior_review
GF-0563,production,billing_payments,billing_payments,False,neutral,neutral,False,tier2_senior_review
GF-0564,production,other_contact,other_contact,False,neutral,neutral,False,tier2_senior_review
GF-0565,production,billing_payments,billing_payments,False,neutral,neutral,False,tier2_senior_review
GF-0566,production,cancellation,cancellation,False,neutral,neutral,False,tier2_senior_review
GF-0567,overlap,refund_request,refund_request,False,negative,negative,False,tier2_senior_review
GF-0568,production,other_contact,other_contact,False,neutral,neutral,False,tier2_senior_review
GF-0569,production,billing_payments,billing_payments,False,negative,negative,False,tier2_senior_review
GF-0570,production,account_access,account_access,False,neutral,neutral,False,tier2_senior_review
GF-0571,production,other_contact,other_contact,False,neutral,negative,True,tier2_senior_review
GF-0572,overlap,billing_payments,billing_payments,False,negative,negative,False,tier2_senior_review
GF-0573,production,cancellation,cancellation,False,positive,neutral,True,tier2_senior_review
GF-0574,production,billing_payments,billing_payments,False,negative,negative,False,tier2_senior_review
GF-0575,production,billing_payments,billing_payments,False,negative,negative,False,tier2_senior_review
GF-0576,production,account_access,account_access,False,neutral,neutral,False,tier2_senior_review
GF-0577,overlap,refund_request,refund_request,False,neutral,neutral,False,tier2_senior_review
GF-0578,production,feedback_complaints,feedback_complaints,False,neutral,neutral,False,tier2_senior_review
GF-0579,production,refund_request,refund_request,False,neutral,neutral,False,tier2_senior_review
GF-0580,production,other_contact,other_contact,False,neutral,neutral,False,tier2_senior_review
GF-0581,overlap,cancellation,cancellation,False,neutral,neutral,False,tier2_senior_review
GF-0582,production,refund_request,refund_request,False,neutral,neutral,False,tier2_senior_review
GF-0583,overlap,feedback_complaints,feedback_complaints,False,neutral,neutral,False,tier2_senior_review
GF-0584,production,feedback_complaints,feedback_complaints,False,neutral,neutral,False,tier2_senior_review
GF-0585,production,refund_request,refund_request,False,neutral,neutral,False,tier2_senior_review
GF-0586,production,billing_payments,billing_payments,False,negative,negative,False,tier2_senior_review
GF-0587,overlap,refund_request,refund_request,False,negative,negative,False,tier2_senior_review
GF-0588,overlap,order_changes,order_changes,False,neutral,neutral,False,tier2_senior_review
GF-0589,overlap,other_contact,other_contact,False,neutral,neutral,False,tier2_senior_review
GF-0590,overlap,cancellation,cancellation,False,negative,negative,False,tier2_senior_review
GF-0591,overlap,billing_payments,billing_payments,False,negative,negative,False,tier2_senior_review
GF-0592,overlap,feedback_complaints,feedback_complaints,False,neutral,neutral,False,tier2_senior_review
GF-0593,production,billing_payments,billing_payments,False,negative,negative,False,tier2_senior_review
GF-0594,production,order_changes,order_changes,False,neutral,neutral,False,tier2_senior_review
GF-0595,production,shipping_delivery,shipping_delivery,False,neutral,neutral,False,tier2_senior_review
GF-0596,overlap,refund_request,refund_request,False,negative,negative,False,tier2_senior_review
GF-0597,production,other_contact,other_contact,False,neutral,neutral,False,tier2_senior_review
GF-0598,overlap,account_access,account_access,False,negative,negative,False,tier2_senior_review
GF-0599,production,billing_payments,billing_payments,False,negative,negative,False,tier2_senior_review
GF-0600,production,billing_payments,billing_payments,False,negative,negative,False,tier2_senior_review
